instance_id,node_id,x,y,cpu,memory,neighbors
0,0,0.477450,0.766914,0.1394,0.4873,13;21;28;34;35;41;48
0,1,0.027358,0.619843,0.6957,0.5139,6;8;24;43
0,2,0.221308,0.446109,0.1743,0.6744,5;6;19;24;42;43;49
0,3,0.906425,0.741999,0.5238,0.4042,7;10;15;20;22;27;30;37
0,4,0.549695,0.992275,0.7130,0.6521,21;35;47
0,5,0.148270,0.266874,0.5480,0.2327,2;19;24;44;45;49
0,6,0.116047,0.625211,0.5836,0.4902,1;2;8;24;42;43
0,7,0.768576,0.857805,0.2364,0.5077,3;15;30;34;37;47;48
0,8,0.104081,0.667081,0.7344,0.4521,1;6;24;42;43
0,9,0.805788,0.126796,0.8546,0.2800,11;26;29;31;36;39;46
0,10,0.996840,0.765460,0.2437,0.4905,3;20;22;27;37
0,11,0.948270,0.205995,0.6314,0.3083,9;26;36;39
0,12,0.525170,0.210953,0.8989,0.7048,29;31;38;46
0,13,0.457758,0.670156,0.3106,0.4226,0;14;21;25;28;34;41;42;48
0,14,0.505415,0.483228,0.5516,0.2168,13;25;38
0,15,0.780421,0.898691,0.7169,0.6301,3;7;34;37;47
0,16,0.301447,0.035835,0.3140,0.5043,17;19;44
0,17,0.379996,0.012151,0.6596,0.3265,16
0,18,0.308481,0.940906,0.7292,0.5656,21;28;35;40
0,19,0.302894,0.249589,0.6615,0.5586,2;5;16;38;49
0,20,0.934891,0.639752,0.5741,0.4342,3;10;22;23;30
0,21,0.412459,0.871012,0.2091,0.5267,0;4;13;18;28;35
0,22,0.902105,0.682736,0.6635,0.3062,3;10;20;23;27;30;32
0,23,0.749023,0.587510,0.3778,0.5171,20;22;30;32;34;41;48
0,24,0.147123,0.469374,0.4160,0.6057,1;2;5;6;8;42;43;45;49
0,25,0.455629,0.519834,0.1516,0.4444,13;14;38;42
0,26,0.753675,0.165208,0.4201,0.6547,9;11;29;31;36;39;46
0,27,0.999663,0.879757,0.4162,0.3139,3;10;22;37
0,28,0.360074,0.747828,0.8979,0.6505,0;13;18;21;35;42
0,29,0.687971,0.180723,0.4878,0.3471,9;12;26;31;36;46
0,30,0.785421,0.644539,0.2064,0.6535,3;7;20;22;23;32;34;41;48
0,31,0.686821,0.105371,0.6820,0.4478,9;12;26;29;46
0,32,0.717562,0.600949,0.6188,0.5644,22;23;30;34;41;48
0,33,0.072741,0.970161,0.7686,0.7062,40
0,34,0.637864,0.736078,0.6759,0.4496,0;7;13;15;23;30;32;41;48
0,35,0.437076,0.914091,0.2841,0.7527,0;4;18;21;28
0,36,0.877222,0.255161,0.7126,0.3829,9;11;26;29;46
0,37,0.843217,0.920782,0.2550,0.3811,3;7;10;15;27;47
0,38,0.419527,0.349303,0.1206,0.7626,12;14;19;25;49
0,39,0.916013,0.037312,0.6403,0.4933,9;11;26
0,40,0.092003,0.932072,0.4146,0.5868,18;33
0,41,0.653712,0.662723,0.2259,0.2151,0;13;23;30;32;34;48
0,42,0.279062,0.611192,0.7367,0.5089,2;6;8;13;24;25;28;43
0,43,0.166014,0.517663,0.5088,0.6375,1;2;6;8;24;42;45;49
0,44,0.098381,0.096324,0.8995,0.7806,5;16
0,45,0.000542,0.383467,0.2192,0.6920,5;24;43;49
0,46,0.687054,0.297013,0.3564,0.2602,9;12;26;29;31;36
0,47,0.731684,0.953167,0.7961,0.4195,4;7;15;37
0,48,0.646906,0.704075,0.7910,0.5866,0;7;13;23;30;32;34;41
0,49,0.207235,0.376981,0.5914,0.6583,2;5;19;24;38;43;45
1,0,0.557743,0.832084,0.4810,0.3818,4;16;38;41;45
1,1,0.015747,0.385549,0.2158,0.2589,6;20;22;44
1,2,0.992257,0.676559,0.2468,0.3198,3;11;12;14;15;47;49
1,3,0.959161,0.717952,0.8671,0.3316,2;11;12;14;15;24;47;49
1,4,0.449294,0.819911,0.4983,0.2165,0;16;26;28;34;38;41;45
1,5,0.808506,0.278238,0.1705,0.6995,9;18;23;27;32;36;39;40;42;43;48
1,6,0.124235,0.573999,0.3051,0.6626,1;22;28;30
1,7,0.512288,0.235229,0.4815,0.4153,13;17;19;21;33;46;48
1,8,0.308278,0.990712,0.4590,0.5424,34;38
1,9,0.959754,0.423421,0.3415,0.2714,5;11;18;27;32;39;43;49
1,10,0.376679,0.035147,0.8187,0.3330,31;46
1,11,0.939204,0.600524,0.8131,0.6762,2;3;9;12;14;24;32;39;47;49
1,12,0.819878,0.747740,0.6397,0.2270,2;3;11;14;15;24;41;47;49
1,13,0.446869,0.267380,0.8134,0.7312,7;17;19;21;33;37;46
1,14,0.907034,0.693917,0.8530,0.7885,2;3;11;12;15;24;47;49
1,15,0.884284,0.814185,0.7919,0.4831,2;3;12;14;24;47
1,16,0.394708,0.739736,0.7120,0.7711,0;4;26;28;30;34;35;38;41;45
1,17,0.558664,0.447026,0.6354,0.2542,7;13;19;25;26;33;43
1,18,0.789385,0.346373,0.3695,0.6857,5;9;27;32;39;40;43
1,19,0.505068,0.253928,0.6751,0.2037,7;13;17;21;33;46
1,20,0.135970,0.220955,0.4235,0.7294,1;21;29;44
1,21,0.313736,0.299972,0.5639,0.7060,7;13;19;20;29;33;37;46
1,22,0.130167,0.512260,0.2455,0.6064,1;6;30
1,23,0.932628,0.111293,0.1548,0.7362,5;36;40;42
1,24,0.772043,0.705414,0.1859,0.4484,3;11;12;14;15;25;41;47;49
1,25,0.609603,0.580625,0.8787,0.6051,17;24;26;41;43
1,26,0.449788,0.619523,0.6564,0.2845,4;16;17;25;28;30;35;41;45
1,27,0.935016,0.373740,0.1465,0.2800,5;9;18;32;36;39;40;43;49
1,28,0.261946,0.716038,0.7542,0.7706,4;6;16;26;30;34;35
1,29,0.154586,0.196973,0.3186,0.5764,20;21;44
1,30,0.270743,0.605389,0.5625,0.4817,6;16;22;26;28;35;37
1,31,0.346056,0.053675,0.8101,0.3227,10;46
1,32,0.895936,0.423617,0.4979,0.5952,5;9;11;18;27;39;43;49
1,33,0.381194,0.354440,0.1412,0.3607,7;13;17;19;21;35;37;46
1,34,0.331725,0.899343,0.2198,0.5863,4;8;16;28;38;45
1,35,0.371571,0.564367,0.7234,0.5594,16;26;28;30;33;37
1,36,0.998843,0.175715,0.4858,0.5870,5;23;27;40;42
1,37,0.329313,0.393670,0.3748,0.4830,13;21;30;33;35;46
1,38,0.402163,0.949776,0.6035,0.6154,0;4;8;16;34;45
1,39,0.966657,0.416258,0.4835,0.7364,5;9;11;18;27;32;43;49
1,40,0.857106,0.184038,0.3787,0.2936,5;18;23;27;36;42;48
1,41,0.605192,0.761165,0.7467,0.7149,0;4;12;16;24;25;26;45
1,42,0.865236,0.109643,0.7383,0.4733,5;23;36;40;48
1,43,0.760399,0.461530,0.1912,0.3462,5;9;17;18;25;27;32;39;49
1,44,0.053959,0.291639,0.3355,0.3438,1;20;29
1,45,0.486012,0.770919,0.3739,0.3109,0;4;16;26;34;38;41
1,46,0.396040,0.234261,0.2926,0.7220,7;10;13;19;21;31;33;37
1,47,0.983324,0.689038,0.1347,0.4063,2;3;11;12;14;15;24;49
1,48,0.687035,0.123075,0.4700,0.5140,5;7;40;42
1,49,0.858460,0.576419,0.7429,0.7343,2;3;9;11;12;14;24;27;32;39;43;47
2,0,0.638450,0.607550,0.7258,0.5427,11;31;32;42
2,1,0.868753,0.732071,0.1291,0.7419,37;47
2,2,0.895597,0.461872,0.4422,0.2373,11;14;28;30;31;37;42
2,3,0.555760,0.091731,0.5303,0.2895,5;8;9;16;17;20;23;26;35;43;45;49
2,4,0.352466,0.383574,0.8572,0.2989,10;15;17;34;36;46
2,5,0.379823,0.009051,0.2752,0.6624,3;16;20;23;27;35;43;48;49
2,6,0.223574,0.177555,0.5636,0.3990,13;15;17;27;36;39;43;48
2,7,0.655975,0.942169,0.1295,0.6599,18;29
2,8,0.591136,0.144396,0.3491,0.5767,3;9;12;16;17;20;23;26;35;43;44;45;49
2,9,0.581625,0.140718,0.5871,0.4858,3;8;16;17;20;23;26;35;43;44;45;49
2,10,0.392278,0.448756,0.7763,0.2381,4;15;17;34;36;38;40;44;46
2,11,0.716288,0.424149,0.7463,0.2577,0;2;14;30;31;32;42;44
2,12,0.810191,0.164690,0.5252,0.3741,8;14;24;33;45
2,13,0.135614,0.272007,0.2611,0.5614,6;15;27;36;39;41;48
2,14,0.763472,0.348416,0.6718,0.5919,2;11;12;24;28;30;31;42;44;45
2,15,0.273454,0.304542,0.5502,0.6739,4;6;10;13;17;27;34;36;46;48
2,16,0.443892,0.053981,0.5136,0.6641,3;5;8;9;17;20;23;26;27;35;43;45;48;49
2,17,0.430207,0.249922,0.7539,0.2900,3;4;6;8;9;10;15;16;20;27;34;35;43;44;45;46;49
2,18,0.593542,0.904047,0.8115,0.7065,7;25;29
2,19,0.381111,0.716584,0.5979,0.4553,21;25;38;40
2,20,0.528323,0.114189,0.4999,0.5669,3;5;8;9;16;17;23;26;35;43;45;49
2,21,0.346399,0.911275,0.4925,0.5773,19;25
2,22,0.074062,0.637696,0.6818,0.6340,41
2,23,0.493843,0.028704,0.3180,0.3843,3;5;8;9;16;20;26;35;43;45;49
2,24,0.877465,0.204180,0.6883,0.4459,12;14;28;30;33
2,25,0.441818,0.819496,0.4405,0.4492,18;19;21;38;40
2,26,0.600087,0.014396,0.1084,0.4896,3;8;9;16;20;23;35;43;45;49
2,27,0.255363,0.142364,0.7772,0.6349,5;6;13;15;16;17;35;43;48
2,28,0.978782,0.335507,0.3780,0.2931,2;14;24;30
2,29,0.672592,0.866762,0.5548,0.2915,7;18
2,30,0.820152,0.397496,0.7603,0.5001,2;11;14;24;28;31;42
2,31,0.802325,0.467392,0.3649,0.7663,0;2;11;14;30;32;42
2,32,0.654110,0.587478,0.3456,0.5780,0;11;31;42
2,33,0.928786,0.111393,0.2405,0.5430,12;24
2,34,0.444172,0.358751,0.8505,0.5491,4;10;15;17;44;46
2,35,0.469632,0.125035,0.3474,0.7896,3;5;8;9;16;17;20;23;26;27;43;45;49
2,36,0.219635,0.366331,0.5746,0.6614,4;6;10;13;15;41;46
2,37,0.943919,0.666821,0.6580,0.3774,1;2;47
2,38,0.367266,0.642809,0.7032,0.4357,10;19;25;40
2,39,0.027304,0.213033,0.8923,0.2180,6;13;41
2,40,0.332005,0.640326,0.3791,0.4043,10;19;25;38
2,41,0.056215,0.419549,0.3768,0.7323,13;22;36;39
2,42,0.705191,0.549310,0.5920,0.5958,0;2;11;14;30;31;32
2,43,0.404063,0.106037,0.8115,0.3620,3;5;6;8;9;16;17;20;23;26;27;35;48;49
2,44,0.568739,0.339332,0.3795,0.5394,8;9;10;11;14;17;34;45;46
2,45,0.613722,0.191286,0.1306,0.7560,3;8;9;12;14;16;17;20;23;26;35;44;49
2,46,0.382366,0.344720,0.3756,0.5093,4;10;15;17;34;36;44
2,47,0.985525,0.783127,0.1080,0.6781,1;37
2,48,0.240203,0.103755,0.2584,0.7969,5;6;13;15;16;27;43
2,49,0.502768,0.100789,0.6738,0.2152,3;5;8;9;16;17;20;23;26;35;43;45
3,0,0.911962,0.417038,0.8138,0.7914,4;20;34;45
3,1,0.778839,0.882666,0.8522,0.5379,8;24;40;46;49
3,2,0.271769,0.788575,0.7304,0.4992,22;27;30;33
3,3,0.016197,0.581768,0.5512,0.7276,7;18
3,4,0.975004,0.551089,0.8437,0.6630,0;20;34;38;45
3,5,0.050265,0.222173,0.7024,0.3619,11;23;25;28;37;43;44;47
3,6,0.497518,0.080907,0.5909,0.7570,15;16;17;31;32
3,7,0.154991,0.580791,0.3111,0.5637,3;18;26;30;36;44
3,8,0.822609,0.711090,0.7363,0.6693,1;10;20;38;49
3,9,0.516368,0.454452,0.8016,0.7465,13;21;29;41;48
3,10,0.707393,0.579212,0.5412,0.3959,8;13;20;21;29;38;41;49
3,11,0.050123,0.345679,0.7855,0.3189,5;18;23;25;28;37;43;44;47
3,12,0.299406,0.266546,0.4046,0.4923,16;23;25;28;32;37;43;44;47
3,13,0.667762,0.534080,0.8930,0.2101,9;10;20;21;29;38;41;49
3,14,0.891774,0.018638,0.4449,0.3769,35;39;42
3,15,0.631101,0.217027,0.6337,0.3083,6;17;19;32
3,16,0.292082,0.097001,0.7778,0.6502,6;12;23;25;32;37
3,17,0.543764,0.158543,0.4564,0.6305,6;15;19;31;32
3,18,0.104128,0.522808,0.1698,0.2389,3;7;11;26;28;36;43;44;47
3,19,0.703888,0.223237,0.3053,0.7497,15;17;39;42
3,20,0.828028,0.495365,0.8916,0.6635,0;4;8;10;13;34;38;45
3,21,0.543269,0.496128,0.4244,0.7713,9;10;13;29;41;48
3,22,0.188371,0.973745,0.7164,0.5627,2;27;33
3,23,0.181306,0.283760,0.4163,0.2307,5;11;12;16;25;28;37;43;44;47
3,24,0.925576,0.951509,0.7414,0.4591,1;46
3,25,0.131579,0.182828,0.3379,0.6350,5;11;12;16;23;28;37;43;44;47
3,26,0.234738,0.550663,0.1804,0.4708,7;18;30;36;44;48
3,27,0.246197,0.910559,0.4251,0.5233,2;22;33
3,28,0.144205,0.324915,0.6368,0.3985,5;11;12;18;23;25;37;43;44;47
3,29,0.556208,0.606186,0.7000,0.2042,9;10;13;21;41;48;49
3,30,0.269615,0.672538,0.1046,0.4552,2;7;26;33;36;48
3,31,0.513815,0.024858,0.4281,0.5242,6;17;32
3,32,0.449061,0.200317,0.2046,0.7449,6;12;15;16;17;31
3,33,0.276110,0.859023,0.2525,0.4014,2;22;27;30
3,34,0.924324,0.490304,0.4304,0.5125,0;4;20;38;45
3,35,0.885833,0.089177,0.5525,0.7392,14;39;42
3,36,0.319430,0.562450,0.7503,0.4672,7;18;26;30;48
3,37,0.158405,0.254687,0.7263,0.5905,5;11;12;16;23;25;28;43;44;47
3,38,0.822100,0.653736,0.2932,0.3526,4;8;10;13;20;34;45;49
3,39,0.860651,0.121412,0.8492,0.6734,14;19;35;42
3,40,0.661634,0.912131,0.3355,0.6944,1;46;49
3,41,0.609014,0.572377,0.1973,0.3958,9;10;13;21;29;49
3,42,0.847785,0.107373,0.4440,0.5061,14;19;35;39
3,43,0.090350,0.316173,0.8511,0.4820,5;11;12;18;23;25;28;37;44;47
3,44,0.172373,0.375933,0.6776,0.3679,5;7;11;12;18;23;25;26;28;37;43;47
3,45,0.884578,0.444845,0.7291,0.5367,0;4;20;34;38
3,46,0.727154,0.996830,0.2025,0.3125,1;24;40
3,47,0.103047,0.318765,0.7397,0.2669,5;11;12;18;23;25;28;37;43;44
3,48,0.400230,0.497670,0.3032,0.6405,9;21;26;29;30;36
3,49,0.723793,0.715422,0.1697,0.6836,1;8;10;13;29;38;40;41
4,0,0.532885,0.467085,0.4127,0.7772,1;2;5;10;13;15;20;28;29;37;40;45
4,1,0.671137,0.541445,0.1706,0.2926,0;5;8;10;15;28;29;37
4,2,0.398864,0.494871,0.2175,0.4697,0;10;13;15;20;22;37;40;45
4,3,0.801570,0.200227,0.6031,0.5335,24;26;46;48
4,4,0.960622,0.035373,0.1193,0.6402,26
4,5,0.662795,0.581651,0.6498,0.7278,0;1;8;15;23;28;29;37
4,6,0.752049,0.810026,0.3063,0.2058,8;9;11;12;23
4,7,0.038030,0.833228,0.8438,0.7805,18;32
4,8,0.586609,0.681806,0.3783,0.2014,1;5;6;15;19;20;23;27;28;29
4,9,0.948007,0.874150,0.7425,0.5730,6;12
4,10,0.547804,0.373082,0.1974,0.3527,0;1;2;13;25;37;45
4,11,0.580703,0.912827,0.7160,0.5920,6;23;27
4,12,0.939309,0.908553,0.4538,0.7651,6;9
4,13,0.390951,0.381192,0.8206,0.5595,0;2;10;20;37;39;40;45
4,14,0.146327,0.242116,0.4810,0.4922,16;17;21;31;34;38;39;42;44
4,15,0.501240,0.599703,0.5874,0.4795,0;1;2;5;8;19;20;23;27;28;29;37;40
4,16,0.246828,0.122786,0.2044,0.3677,14;21;31;34;38;39;42;44
4,17,0.105634,0.392310,0.2932,0.7720,14;22;31;38;39;42
4,18,0.233330,0.848129,0.8938,0.3551,7;19;32;33;35;36;41
4,19,0.400427,0.732260,0.1743,0.5076,8;15;18;20;23;27;29;32;33;35;36;40
4,20,0.389748,0.584214,0.8064,0.2086,0;2;8;13;15;19;22;27;29;30;33;35;36;40;41;45
4,21,0.145206,0.136906,0.6268,0.5308,14;16;31;34;38;39;42;44
4,22,0.242683,0.553957,0.8534,0.6399,2;17;20;30;32;33;35;40;41
4,23,0.578466,0.761753,0.6215,0.3327,5;6;8;11;15;19;27;28;29
4,24,0.697400,0.096548,0.2761,0.7547,3;25;26;47
4,25,0.494208,0.165490,0.6667,0.5338,10;24;47;49
4,26,0.769413,0.021236,0.8572,0.3575,3;4;24;47
4,27,0.475651,0.724887,0.4524,0.4579,8;11;15;19;20;23;28;29;36;40
4,28,0.632826,0.600894,0.4090,0.6550,0;1;5;8;15;23;27;29;37
4,29,0.535026,0.667961,0.5213,0.7698,0;1;5;8;15;19;20;23;27;28;36;40
4,30,0.195654,0.614182,0.1133,0.4747,20;22;32;33;35;40;41
4,31,0.107153,0.244872,0.3237,0.2805,14;16;17;21;34;38;39;42;44
4,32,0.190902,0.750485,0.4399,0.5270,7;18;19;22;30;33;35;36;41
4,33,0.253166,0.666383,0.6734,0.6480,18;19;20;22;30;32;35;36;40;41
4,34,0.251895,0.102751,0.1369,0.4474,14;16;21;31;38;39;42;44;49
4,35,0.242244,0.726212,0.5879,0.2514,18;19;20;22;30;32;33;36;41
4,36,0.350667,0.771083,0.5102,0.3760,18;19;20;27;29;32;33;35;40;41
4,37,0.565551,0.449324,0.3563,0.3118,0;1;2;5;10;13;15;28;40;45
4,38,0.152134,0.298475,0.7592,0.7955,14;16;17;21;31;34;39;42;44
4,39,0.215021,0.254698,0.5690,0.2784,13;14;16;17;21;31;34;38;42;44;45
4,40,0.388190,0.559584,0.5765,0.5306,0;2;13;15;19;20;22;27;29;30;33;36;37;45
4,41,0.190790,0.660402,0.1367,0.2758,18;20;22;30;32;33;35;36
4,42,0.210426,0.240935,0.1511,0.2492,14;16;17;21;31;34;38;39;44
4,43,0.970144,0.355549,0.3486,0.3993,46;48
4,44,0.211374,0.145962,0.7144,0.4398,14;16;21;31;34;38;39;42
4,45,0.396375,0.366021,0.7489,0.5653,0;2;10;13;20;37;39;40
4,46,0.886880,0.361816,0.8990,0.5564,3;43;48
4,47,0.647746,0.014843,0.5130,0.2645,24;25;26;49
4,48,0.820538,0.316839,0.4120,0.7777,3;43;46
4,49,0.450989,0.018728,0.8111,0.3015,25;34;47
5,0,0.038812,0.989489,0.5203,0.2241,7
5,1,0.955692,0.759980,0.7296,0.5025,2;11;36;41;42
5,2,0.743528,0.781100,0.4477,0.4539,1;3;11;17;36;41;49
5,3,0.764082,0.887083,0.8781,0.6051,2;11;17;49
5,4,0.772525,0.095661,0.6988,0.2441,25;30;34;47
5,5,0.027584,0.371926,0.5212,0.2324,46
5,6,0.177349,0.771406,0.7435,0.5001,7;13;23;26;38;40;43
5,7,0.158724,0.926964,0.1650,0.7774,0;6
5,8,0.276451,0.521870,0.8865,0.6957,13;23;26;35;40;43
5,9,0.052486,0.124578,0.1304,0.7895,14;46
5,10,0.944440,0.307078,0.5474,0.3583,29;44;45
5,11,0.843919,0.866147,0.6067,0.5230,1;2;3;17
5,12,0.740219,0.443436,0.5443,0.6389,24;28;29;30;36;44
5,13,0.315767,0.631976,0.1558,0.2063,6;8;19;23;26;40;43
5,14,0.036159,0.076930,0.1882,0.5764,9
5,15,0.390395,0.311446,0.4894,0.3444,16;18;20;22;27;35;39;48
5,16,0.408508,0.173910,0.8462,0.6117,15;18;20;27;39;48
5,17,0.807979,0.946936,0.2019,0.2835,2;3;11
5,18,0.298428,0.250899,0.3581,0.4230,15;16;20;27;35;39;46;48
5,19,0.435937,0.786504,0.4228,0.6519,13;21;31;32;33;37;38;40
5,20,0.435212,0.181452,0.1617,0.4491,15;16;18;22;27;39;48
5,21,0.498540,0.854357,0.7451,0.7721,19;31;32;33;37;38;49
5,22,0.508733,0.370774,0.1426,0.6028,15;20;24;27;39
5,23,0.190835,0.678171,0.3078,0.7028,6;8;13;26;40;43
5,24,0.671526,0.509246,0.5447,0.6919,12;22;28;29;36;44;49
5,25,0.967564,0.064523,0.4625,0.2213,4;34
5,26,0.165586,0.598733,0.5903,0.6036,6;8;13;23;40;43
5,27,0.475231,0.202061,0.8667,0.2839,15;16;18;20;22;39;48
5,28,0.684499,0.563865,0.7971,0.5899,12;24;36;41;44;49
5,29,0.872333,0.432639,0.1368,0.3438,10;12;24;36;41;42;44;45
5,30,0.707488,0.274406,0.2038,0.4686,4;12;44;47
5,31,0.503882,0.801864,0.6752,0.6947,19;21;32;33;37;38;49
5,32,0.446890,0.993165,0.3589,0.3613,19;21;31;33;37;38
5,33,0.524265,0.924427,0.8131,0.3414,19;21;31;32;37;38
5,34,0.873090,0.084028,0.1900,0.4305,4;25;47
5,35,0.247363,0.382845,0.2282,0.4808,8;15;18;46
5,36,0.825948,0.633339,0.6896,0.5492,1;2;12;24;28;29;41;42;49
5,37,0.460243,0.916405,0.6446,0.2312,19;21;31;32;33;38
5,38,0.370726,0.857050,0.5116,0.6988,6;19;21;31;32;33;37
5,39,0.470826,0.217713,0.6230,0.7409,15;16;18;20;22;27;48
5,40,0.267839,0.660340,0.7021,0.7237,6;8;13;19;23;26;43
5,41,0.881203,0.616007,0.6669,0.2420,1;2;28;29;36;42;44
5,42,0.902515,0.628434,0.2740,0.3711,1;29;36;41
5,43,0.191785,0.672071,0.1904,0.2539,6;8;13;23;26;40
5,44,0.825028,0.411406,0.7654,0.6368,10;12;24;28;29;30;41;45
5,45,0.981548,0.347056,0.6590,0.3967,10;29;44
5,46,0.093916,0.301170,0.7069,0.4776,5;9;18;35
5,47,0.671052,0.074497,0.2842,0.5746,4;30;34
5,48,0.415698,0.139394,0.7289,0.4738,15;16;18;20;27;39
5,49,0.652829,0.718723,0.3963,0.7864,2;3;21;24;28;31;36
6,0,0.539445,0.823877,0.5539,0.4736,2;7;8;11;41;46;48
6,1,0.109988,0.399251,0.7079,0.4787,15;21;38
6,2,0.614765,0.622755,0.2795,0.4204,0;7;9;10;11;42;44;47
6,3,0.794490,0.417001,0.4849,0.7127,20;26;29;36;37;47
6,4,0.136864,0.111491,0.7191,0.3020,15;17;19;22;23;38;40
6,5,0.387401,0.004059,0.7800,0.6468,17;23;24;40
6,6,0.355820,0.583806,0.5542,0.4315,9;10;12;34;42;44
6,7,0.645725,0.677137,0.4803,0.5234,0;2;9;10;11;42;44;46;47
6,8,0.409613,0.844811,0.6608,0.3989,0;11;25;46;48
6,9,0.521123,0.509332,0.6732,0.5404,2;6;7;10;28;33;42;44;47
6,10,0.513872,0.527696,0.1639,0.7115,2;6;7;9;28;42;44;47
6,11,0.539297,0.789017,0.1134,0.3031,0;2;7;8;41;42;46;48
6,12,0.267630,0.635312,0.6801,0.4144,6;34
6,13,0.801174,0.098800,0.7357,0.5227,26;31;39
6,14,0.960300,0.898664,0.7043,0.6917,27;45;49
6,15,0.074453,0.293978,0.5476,0.6278,1;4;19;21;22;38
6,16,0.867252,0.686713,0.4560,0.2167,29;30;36;43
6,17,0.292964,0.110097,0.6221,0.3356,4;5;19;23;24;38;40
6,18,0.130877,0.948696,0.1632,0.3613,25
6,19,0.095043,0.136088,0.2469,0.3165,4;15;17;22;23;38
6,20,0.959078,0.423975,0.1797,0.3726,3;26;29;36;43
6,21,0.130601,0.457003,0.1670,0.3541,1;15;34;35
6,22,0.030689,0.106194,0.7715,0.4952,4;15;19;38
6,23,0.296006,0.160085,0.4006,0.4545,4;5;17;19;24;28;38;40
6,24,0.387766,0.025980,0.6368,0.6936,5;17;23;40
6,25,0.280017,0.947998,0.6577,0.7085,8;18;48
6,26,0.863623,0.279449,0.6314,0.5458,3;13;20;37
6,27,0.768981,0.954039,0.1666,0.5218,14;41;45
6,28,0.399772,0.342192,0.3569,0.7441,9;10;23;33;44
6,29,0.950943,0.506578,0.8046,0.7453,3;16;20;30;36;43
6,30,0.871166,0.664651,0.8263,0.7281,16;29;36;43
6,31,0.673425,0.108558,0.4181,0.3774,13;37;39
6,32,0.041461,0.691041,0.6535,0.5940,34;35
6,33,0.531960,0.301247,0.8829,0.4751,9;28;37;44;47
6,34,0.201002,0.620383,0.8136,0.5827,6;12;21;32;35
6,35,0.025521,0.640331,0.3115,0.2238,21;32;34
6,36,0.946906,0.542799,0.1958,0.5908,3;16;20;29;30;43
6,37,0.652766,0.270098,0.3981,0.3948,3;26;31;33;47
6,38,0.123705,0.227511,0.5074,0.3503,1;4;15;17;19;22;23
6,39,0.752247,0.031688,0.2254,0.6990,13;31
6,40,0.306871,0.023858,0.5920,0.6261,4;5;17;23;24
6,41,0.618817,0.946812,0.3475,0.4895,0;11;27;46;48
6,42,0.538509,0.584579,0.4972,0.3524,2;6;7;9;10;11;44;47
6,43,0.875394,0.623410,0.3912,0.6560,16;20;29;30;36
6,44,0.528889,0.502852,0.5940,0.4775,2;6;7;9;10;28;33;42;47
6,45,0.885644,0.961355,0.8627,0.4853,14;27;49
6,46,0.571417,0.844020,0.8925,0.7285,0;7;8;11;41;48
6,47,0.661276,0.472701,0.4523,0.5707,2;3;7;9;10;33;37;42;44
6,48,0.448474,0.874631,0.7367,0.7558,0;8;11;25;41;46
6,49,0.999384,0.902218,0.6013,0.3025,14;45
7,0,0.145962,0.489538,0.8712,0.2437,22;24;29;35;44
7,1,0.356789,0.006672,0.7177,0.2286,3;13;18;34;45
7,2,0.248980,0.974154,0.4432,0.3778,4;21;25;38
7,3,0.361657,0.019023,0.5641,0.7664,1;13;18;34;45
7,4,0.388368,0.870335,0.8838,0.2975,2;14;21;32
7,5,0.645490,0.704705,0.3200,0.7372,9;11;12;42
7,6,0.449671,0.319814,0.4813,0.2449,10;15;16;18;20;26;33;45;48
7,7,0.954711,0.162897,0.8154,0.7648,8;27;28;37;46
7,8,0.766332,0.179384,0.3259,0.3894,7;15;26;37;43;46;49
7,9,0.647972,0.841619,0.7466,0.5554,5;12
7,10,0.401399,0.379217,0.7547,0.2659,6;16;17;20;33;48
7,11,0.595294,0.616351,0.1237,0.6067,5;12;17;20;42;47;48
7,12,0.673224,0.782913,0.3433,0.2889,5;9;11;19;41
7,13,0.462909,0.011185,0.3572,0.2292,1;3;18;34;45
7,14,0.272733,0.741259,0.1479,0.5840,4;21;22;25;32;44
7,15,0.646010,0.311861,0.5146,0.4658,6;8;16;20;23;26;45;47;48;49
7,16,0.607536,0.392093,0.3102,0.4058,6;10;15;20;23;26;33;47;48;49
7,17,0.457471,0.553007,0.4894,0.4671,10;11;20;33;42;48
7,18,0.352770,0.152080,0.3411,0.6968,1;3;6;13;34;45
7,19,0.868034,0.765210,0.6457,0.6180,12;36;41
7,20,0.584078,0.398711,0.5424,0.6651,6;10;11;15;16;17;23;26;33;47;48;49
7,21,0.235115,0.759001,0.5375,0.5599,2;4;14;22;25;30;32;38;44
7,22,0.116375,0.698955,0.4794,0.7879,0;14;21;25;30;35;44
7,23,0.771473,0.404660,0.1954,0.2753,15;16;20;26;31;47;49
7,24,0.111722,0.458641,0.4016,0.7053,0;29;35;39;44
7,25,0.153128,0.815765,0.3232,0.3749,2;14;21;22;30;32;38
7,26,0.655653,0.346013,0.6891,0.7010,6;8;15;16;20;23;47;48;49
7,27,0.987867,0.356305,0.1239,0.6661,7;28;36;46
7,28,0.983241,0.301163,0.6094,0.3979,7;27;37;46
7,29,0.123955,0.298214,0.4887,0.7291,0;24;39;40
7,30,0.031795,0.804308,0.7505,0.2174,21;22;25;38
7,31,0.800708,0.522445,0.1045,0.5886,23;36;47
7,32,0.362970,0.780618,0.7761,0.2588,4;14;21;25;42
7,33,0.432602,0.435715,0.1620,0.3157,6;10;16;17;20;48
7,34,0.300016,0.080739,0.6102,0.7997,1;3;13;18
7,35,0.115287,0.519103,0.6464,0.7885,0;22;24;44
7,36,0.952037,0.572883,0.4140,0.6579,19;27;31;41
7,37,0.843931,0.174213,0.1374,0.3893,7;8;28;46;49
7,38,0.117524,0.922483,0.8997,0.2591,2;21;25;30
7,39,0.044832,0.251369,0.3372,0.7076,24;29;40
7,40,0.020662,0.203390,0.3696,0.3037,29;39
7,41,0.874844,0.747011,0.3471,0.5122,12;19;36
7,42,0.479159,0.661771,0.1712,0.2338,5;11;17;32
7,43,0.688426,0.006511,0.6098,0.4592,8;45
7,44,0.134596,0.596397,0.4887,0.7518,0;14;21;22;24;35
7,45,0.528950,0.141120,0.8062,0.4420,1;3;6;13;15;18;43;49
7,46,0.929103,0.210656,0.7020,0.2849,7;8;27;28;37
7,47,0.752802,0.479083,0.7546,0.5512,11;15;16;20;23;26;31
7,48,0.501194,0.438534,0.4142,0.7794,6;10;11;15;16;17;20;26;33
7,49,0.706995,0.259702,0.5586,0.5073,8;15;16;20;23;26;37;45
8,0,0.882151,0.300952,0.6674,0.6680,11;19;24;32
8,1,0.133910,0.796030,0.6958,0.5806,7;9;25;27;38;41;43;44
8,2,0.424775,0.399163,0.8056,0.7352,10;15;23;29;35;37;40;45
8,3,0.588775,0.215488,0.3143,0.2212,22;29;37;39
8,4,0.015756,0.155780,0.2401,0.2244,8;17;18
8,5,0.735961,0.515173,0.1832,0.6886,11;12;30;31;36;42
8,6,0.867247,0.994056,0.3761,0.5151,13;21;26;34
8,7,0.352405,0.774688,0.6110,0.5311,1;15;16;27;33;38;41;43;46;49
8,8,0.021513,0.236860,0.5345,0.4756,4;17;18
8,9,0.232192,0.959823,0.8552,0.5599,1;25;38;44
8,10,0.267237,0.271988,0.5191,0.3988,2;17;18;29;35;37;45;48
8,11,0.871472,0.498364,0.4272,0.6865,0;5;14;19;31;36
8,12,0.680986,0.721372,0.8972,0.5489,5;20;21;28;30;33;36;42;49
8,13,0.702700,0.981813,0.2263,0.7724,6;21;28;34
8,14,0.983759,0.534943,0.8294,0.3097,11;31;36;47
8,15,0.349440,0.567037,0.2558,0.7125,2;7;16;23;27;33;35;40;41;43;46
8,16,0.404775,0.655366,0.2972,0.6947,7;15;27;33;35;40;41;42;43;46;49
8,17,0.133717,0.156924,0.5824,0.6941,4;8;10;18
8,18,0.191190,0.275524,0.7463,0.6938,4;8;10;17;45;48
8,19,0.863346,0.309586,0.5064,0.3103,0;11;24;32
8,20,0.662334,0.750107,0.6265,0.2527,12;21;28;30;33;42;46;49
8,21,0.834574,0.841075,0.6953,0.4494,6;12;13;20;26;28;30;34;47
8,22,0.582851,0.028336,0.1972,0.7102,3;39
8,23,0.483900,0.425900,0.8316,0.7408,2;15;33;35;37;40;45
8,24,0.874464,0.102242,0.3911,0.3898,0;19;32
8,25,0.132368,0.771707,0.8907,0.5862,1;9;27;38;41;43;44
8,26,0.929208,0.970450,0.7081,0.2595,6;21;34
8,27,0.254669,0.638882,0.5619,0.7653,1;7;15;16;25;35;38;40;41;43
8,28,0.715006,0.803071,0.4451,0.2666,12;13;20;21;30;34;42;49
8,29,0.420007,0.212363,0.1295,0.7448,2;3;10;37;45;48
8,30,0.721061,0.684384,0.1440,0.6919,5;12;20;21;28;31;36;42
8,31,0.780798,0.518268,0.1609,0.7248,5;11;14;30;36
8,32,0.906218,0.194272,0.6308,0.3841,0;19;24
8,33,0.492469,0.636859,0.5111,0.4726,7;12;15;16;20;23;40;42;43;46;49
8,34,0.763966,0.982021,0.7286,0.5558,6;13;21;26;28
8,35,0.288325,0.479472,0.4577,0.2223,2;10;15;16;23;27;40;43
8,36,0.853787,0.617646,0.7441,0.5025,5;11;12;14;30;31;47
8,37,0.441778,0.281070,0.8111,0.4514,2;3;10;23;29;45;48
8,38,0.134806,0.775426,0.1413,0.6455,1;7;9;25;27;41;43;44
8,39,0.629031,0.016704,0.7911,0.3623,3;22
8,40,0.389886,0.527608,0.3689,0.2729,2;15;16;23;27;33;35;41;42;43;46
8,41,0.272332,0.700531,0.2308,0.2367,1;7;15;16;25;27;38;40;43;46
8,42,0.565625,0.648563,0.7983,0.3665,5;12;16;20;28;30;33;40;46;49
8,43,0.290900,0.643602,0.8798,0.5086,1;7;15;16;25;27;33;35;38;40;41;46
8,44,0.063548,0.882014,0.3200,0.7854,1;9;25;38
8,45,0.367094,0.270359,0.7682,0.6875,2;10;18;23;29;37;48
8,46,0.454878,0.731546,0.6054,0.5189,7;15;16;20;33;40;41;42;43;49
8,47,0.988581,0.731151,0.2338,0.4027,14;21;36
8,48,0.352743,0.186817,0.2639,0.6941,10;18;29;37;45
8,49,0.503690,0.846913,0.7437,0.2584,7;12;16;20;28;33;42;46
9,0,0.698026,0.903432,0.6186,0.6544,5;19;30;32;37;38;48;49
9,1,0.995521,0.686201,0.5832,0.3082,5;31
9,2,0.373839,0.274478,0.7813,0.3366,7;15;28;33;34;42;47
9,3,0.626841,0.346622,0.3796,0.2543,4;22;25
9,4,0.594198,0.281013,0.8813,0.4356,3;7;14;18;22;43
9,5,0.887740,0.829467,0.6346,0.7010,0;1;31;32;38;48
9,6,0.162114,0.677879,0.1930,0.7764,12;27;40;45
9,7,0.394072,0.271624,0.8014,0.4077,2;4;14;28;33;34;42
9,8,0.531845,0.040525,0.5208,0.3426,14;18;43
9,9,0.712288,0.564006,0.3898,0.3542,11;21;23;25
9,10,0.100137,0.333139,0.1400,0.6870,12;15;17;33;42;47
9,11,0.881195,0.467497,0.7596,0.4376,9;21;23;31
9,12,0.014148,0.517313,0.8000,0.5379,6;10
9,13,0.938536,0.243803,0.3175,0.5716,41;44
9,14,0.522644,0.111345,0.2781,0.7029,4;7;8;18;43
9,15,0.159750,0.286534,0.4758,0.7595,2;10;17;33;42;47
9,16,0.408683,0.753683,0.6745,0.7396,20;26;29;30;37;39;45;49
9,17,0.144417,0.120416,0.1688,0.7255,10;15;42;46;47
9,18,0.640390,0.107130,0.2214,0.5435,4;8;14;41;43
9,19,0.618115,0.826012,0.6260,0.6002,0;29;30;32;37;38;48;49
9,20,0.330354,0.944892,0.2648,0.3848,16;24;26;29;37;40;45
9,21,0.742522,0.606337,0.1901,0.4724,9;11;23;25;31
9,22,0.654497,0.335585,0.8043,0.3683,3;4
9,23,0.858684,0.480887,0.2836,0.6266,9;11;21;31
9,24,0.274168,0.976156,0.7068,0.4706,20;26;29;36;40;45
9,25,0.649751,0.555849,0.7097,0.5325,3;9;21
9,26,0.347154,0.902310,0.7489,0.7479,16;20;24;29;30;37;40;45
9,27,0.107192,0.781412,0.2509,0.5782,6;36;40;45
9,28,0.299173,0.465439,0.5218,0.5391,2;7;33;34;39;42
9,29,0.417896,0.865911,0.5326,0.5076,16;19;20;24;26;30;37;45;49
9,30,0.532412,0.855249,0.5820,0.2755,0;16;19;26;29;37;38;48;49
9,31,0.899674,0.683078,0.4511,0.7969,1;5;11;21;23
9,32,0.775930,0.899301,0.8420,0.5664,0;5;19;38;48;49
9,33,0.260868,0.372480,0.3558,0.7713,2;7;10;15;28;34;39;42;47
9,34,0.332817,0.458558,0.1588,0.5450,2;7;28;33;39;42
9,35,0.017227,0.994726,0.5345,0.2913,36;40
9,36,0.109074,0.943702,0.6449,0.4569,24;27;35;40;45
9,37,0.487866,0.855253,0.1106,0.6576,0;16;19;20;26;29;30;49
9,38,0.728481,0.837139,0.8832,0.3802,0;5;19;30;32;48;49
9,39,0.360598,0.565520,0.4013,0.5117,16;28;33;34
9,40,0.141533,0.841908,0.2576,0.5588,6;20;24;26;27;35;36;45
9,41,0.821468,0.188043,0.8526,0.4599,13;18;44
9,42,0.191614,0.305225,0.5160,0.2976,2;7;10;15;17;28;33;34;47
9,43,0.537027,0.071350,0.7854,0.2423,4;8;14;18
9,44,0.969275,0.246311,0.1055,0.6448,13;41
9,45,0.249151,0.838768,0.1977,0.7131,6;16;20;24;26;27;29;36;40
9,46,0.101076,0.030011,0.8613,0.2749,17;47
9,47,0.186644,0.190375,0.4012,0.2135,2;10;15;17;33;42;46
9,48,0.718957,0.908510,0.2248,0.5319,0;5;19;30;32;38;49
9,49,0.596386,0.779484,0.2547,0.6852,0;16;19;29;30;32;37;38;48
10,0,0.906522,0.305169,0.2849,0.4745,17;21;28
10,1,0.122845,0.521852,0.3617,0.2862,12;14;19;22;38
10,2,0.297145,0.881236,0.8878,0.5192,15;29;34;37;47
10,3,0.518805,0.760184,0.2216,0.5821,13;20;23;34;47;49
10,4,0.794549,0.641191,0.1280,0.7025,10;41
10,5,0.755423,0.954708,0.1344,0.4977,10;11;23;25;40;46
10,6,0.478488,0.339630,0.6257,0.4373,7;9;16;24;31;36;39;44
10,7,0.349025,0.475468,0.6155,0.3559,6;19;31;38;44
10,8,0.597251,0.035881,0.2527,0.5643,9;16;18;26;32;45
10,9,0.619362,0.216839,0.4122,0.5812,6;8;16;17;21;26;32;36;44;45;48
10,10,0.823915,0.815839,0.4717,0.4055,4;5;11;23;25;40;41;46
10,11,0.895066,0.919999,0.1410,0.2105,5;10;25;40;41;43;46
10,12,0.111269,0.648567,0.1140,0.6141,1;14;33;37;38
10,13,0.517621,0.786253,0.4351,0.7286,3;20;23;34;46;47;49
10,14,0.140528,0.556370,0.7824,0.3481,1;12;19;22;38
10,15,0.214672,0.957065,0.6531,0.6473,2;29;33;37
10,16,0.621839,0.173180,0.2168,0.6899,6;8;9;17;21;26;32;36;45;48
10,17,0.698887,0.360467,0.3093,0.5453,0;9;16;24;28;31;32;36;44;48
10,18,0.790927,0.007484,0.7507,0.5307,8;21;26;28;45
10,19,0.303432,0.483654,0.7778,0.7398,1;7;14;38
10,20,0.514712,0.914643,0.3410,0.4684,3;13;23;34;46
10,21,0.822670,0.148363,0.5461,0.4000,0;9;16;18;26;28;32;45;48
10,22,0.046647,0.363429,0.8295,0.5705,1;14;30;42
10,23,0.661511,0.819449,0.2212,0.4073,3;5;10;13;20;25;46
10,24,0.572282,0.502359,0.7248,0.4721,6;17;31;36;44;49
10,25,0.831085,0.874270,0.2057,0.3038,5;10;11;23;40;41;43;46
10,26,0.672123,0.051632,0.4206,0.4573,8;9;16;18;21;32;45;48
10,27,0.106634,0.045892,0.2310,0.2163,35;42
10,28,0.857093,0.215606,0.7034,0.3411,0;17;18;21;32;45;48
10,29,0.087612,0.945479,0.3234,0.5757,2;15;33
10,30,0.120604,0.301611,0.4882,0.4436,22;39;42
10,31,0.516704,0.421581,0.5201,0.6040,6;7;17;24;36;44;49
10,32,0.672580,0.234331,0.2841,0.3748,8;9;16;17;21;26;28;36;45;48
10,33,0.063141,0.845949,0.3591,0.4022,12;15;29;37
10,34,0.439462,0.732947,0.1947,0.5053,2;3;13;20;37;38;47;49
10,35,0.177345,0.047049,0.8966,0.3657,27;42
10,36,0.559578,0.354755,0.1492,0.5866,6;9;16;17;24;31;32;44;48
10,37,0.232118,0.766014,0.6264,0.6744,2;12;15;33;34;38;47
10,38,0.286001,0.640201,0.3581,0.2074,1;7;12;14;19;34;37;47
10,39,0.303481,0.237318,0.6361,0.2958,6;30;42
10,40,0.902592,0.889425,0.8236,0.4253,5;10;11;25;41;43
10,41,0.966952,0.761614,0.7594,0.3539,4;10;11;25;40
10,42,0.107482,0.172992,0.5120,0.2490,22;27;30;35;39
10,43,0.981570,0.982299,0.2677,0.2753,11;25;40
10,44,0.514406,0.400719,0.3395,0.6073,6;7;9;17;24;31;36
10,45,0.732961,0.086213,0.6228,0.7768,8;9;16;18;21;26;28;32;48
10,46,0.675551,0.924515,0.5145,0.4305,5;10;11;13;20;23;25
10,47,0.381649,0.707368,0.8324,0.2264,2;3;13;34;37;38;49
10,48,0.687301,0.247101,0.8096,0.7692,9;16;17;21;26;28;32;36;45
10,49,0.520679,0.641284,0.1033,0.7152,3;13;24;31;34;47
11,0,0.298485,0.348164,0.2225,0.6365,5;8;10;15;19;23;47;48
11,1,0.971031,0.519865,0.4105,0.2829,7;12;33
11,2,0.608638,0.638225,0.2680,0.3561,3;11;18;20;31;38;46
11,3,0.484585,0.644784,0.5648,0.7670,2;20;38;43;46
11,4,0.226237,0.078260,0.5983,0.6003,5;17;19;23;48
11,5,0.417409,0.166946,0.6289,0.4934,0;4;10;48
11,6,0.417076,0.981961,0.8958,0.2174,14;22;24;32;35;42;49
11,7,0.974123,0.321550,0.6491,0.5883,1;9;21
11,8,0.190849,0.412649,0.5180,0.3800,0;10;15;23;28;34;36;40;47
11,9,0.920391,0.192943,0.6586,0.7434,7;21;37;44
11,10,0.307254,0.300085,0.8326,0.5364,0;5;8;15;17;19;23;47;48
11,11,0.752242,0.555279,0.2632,0.7614,2;18;20;31;33
11,12,0.932567,0.691033,0.6197,0.5654,1;31;33
11,13,0.115747,0.724711,0.6046,0.5553,27;30;36;39;42;43
11,14,0.557219,0.940653,0.6391,0.6686,6;32;41;46;49
11,15,0.240061,0.484159,0.5967,0.4603,0;8;10;28;34;36;47
11,16,0.650955,0.262520,0.8544,0.4620,26;29;37;44;45
11,17,0.163827,0.164105,0.1703,0.3000,4;10;19;23;40
11,18,0.646160,0.483507,0.4042,0.5493,2;11;38;44;45
11,19,0.190700,0.178372,0.3325,0.4533,0;4;10;17;23;40;48
11,20,0.687704,0.726479,0.7932,0.7303,2;3;11;31;38;41;46
11,21,0.882069,0.232587,0.8893,0.4146,7;9;37;44;45
11,22,0.299884,0.874715,0.1558,0.6401,6;24;30;32;35;39;42;43
11,23,0.154092,0.268873,0.5004,0.5532,0;4;8;10;17;19;34;40
11,24,0.265665,0.971679,0.1532,0.7990,6;22;32;35;42;43
11,25,0.015727,0.926318,0.7091,0.4547,27
11,26,0.645422,0.106089,0.4617,0.4791,16;29;37;44;45
11,27,0.026692,0.714027,0.4141,0.4975,13;25;28;30;36
11,28,0.030963,0.508616,0.2067,0.2321,8;15;27;34;36
11,29,0.722861,0.058737,0.3001,0.6025,16;26;37
11,30,0.161141,0.751602,0.8496,0.7216,13;22;27;35;36;39;42;43
11,31,0.767999,0.735218,0.2134,0.2261,2;11;12;20;33;41;46
11,32,0.398938,0.875788,0.2790,0.3234,6;14;22;24;35;39;42;43;49
11,33,0.917271,0.588309,0.4319,0.6888,1;11;12;31
11,34,0.039931,0.413392,0.7482,0.5438,8;15;23;28;36;40
11,35,0.290979,0.893116,0.8343,0.5550,6;22;24;30;32;39;42;43
11,36,0.147339,0.547455,0.4777,0.3901,8;13;15;27;28;30;34;39
11,37,0.820448,0.139190,0.5048,0.4139,9;16;21;26;29;44;45
11,38,0.507847,0.631345,0.8756,0.4514,2;3;18;20;46
11,39,0.263271,0.711836,0.5237,0.6843,13;22;30;32;35;36;42;43
11,40,0.058329,0.249033,0.2110,0.3917,8;17;19;23;34
11,41,0.727553,0.927186,0.4364,0.4051,14;20;31;46;49
11,42,0.283341,0.807999,0.1491,0.5523,6;13;22;24;30;32;35;39;43
11,43,0.316146,0.761444,0.7249,0.3220,3;13;22;24;30;32;35;39;42
11,44,0.736163,0.303073,0.5534,0.6549,9;16;18;21;26;37;45
11,45,0.701643,0.315250,0.7438,0.4954,16;18;21;26;37;44
11,46,0.612307,0.774819,0.2011,0.2047,2;3;14;20;31;38;41;49
11,47,0.406146,0.422146,0.3729,0.2558,0;8;10;15;48
11,48,0.393716,0.204241,0.5678,0.3594,0;4;5;10;19;47
11,49,0.522510,0.971225,0.2348,0.2843,6;14;32;41;46
12,0,0.481540,0.778414,0.6202,0.5448,3;13;20;48;49
12,1,0.771282,0.686002,0.8332,0.5846,2;19;20;36;40
12,2,0.959988,0.673927,0.5695,0.3433,1;16;19;36;40
12,3,0.388408,0.863569,0.8804,0.4550,0;13;26;48;49
12,4,0.327741,0.265117,0.3504,0.3100,14;24;29;35;42
12,5,0.812612,0.210588,0.8378,0.4686,6;8;10;11;15;17;21;28;30;33;34;45
12,6,0.646930,0.107423,0.4408,0.3583,5;8;10;11;21;31
12,7,0.637334,0.374199,0.5254,0.5722,9;28;41;43;44
12,8,0.844386,0.136981,0.5158,0.5510,5;6;10;11;15;17;21;28;30;33;34;45
12,9,0.576751,0.546557,0.3577,0.6807,7;12;39;41;43;44;47
12,10,0.841870,0.042729,0.1057,0.4037,5;6;8;11;21;33;45
12,11,0.681680,0.093295,0.8567,0.3504,5;6;8;10;21;31
12,12,0.375405,0.539377,0.3676,0.6270,9;14;24;38;39;42;43;47
12,13,0.389258,0.815783,0.2809,0.5176,0;3;26;48;49
12,14,0.287533,0.373999,0.3854,0.4861,4;12;18;23;24;25;39;42
12,15,0.905662,0.332722,0.4629,0.5149,5;8;16;17;21;28;30;33;34;45
12,16,0.931300,0.481396,0.8753,0.2036,2;15;17;19;34
12,17,0.862514,0.341751,0.2369,0.2232,5;8;15;16;21;28;30;34;41;45
12,18,0.109501,0.374752,0.7279,0.3126,14;23;24;25;29;32;37;42;46
12,19,0.844992,0.562098,0.3004,0.4825,1;2;16
12,20,0.681091,0.852224,0.4547,0.4174,0;1;40
12,21,0.807796,0.215603,0.3463,0.6948,5;6;8;10;11;15;17;28;30;33;34;45
12,22,0.095875,0.753123,0.2455,0.4592,26;38
12,23,0.155057,0.430574,0.8710,0.4707,14;18;24;25;29;32;38;42
12,24,0.247995,0.412656,0.6945,0.7553,4;12;14;18;23;25;38;39;42
12,25,0.113885,0.383725,0.8558,0.6671,14;18;23;24;29;32;37;42;46
12,26,0.210550,0.804593,0.1522,0.3655,3;13;22;27;38;48;49
12,27,0.208045,0.992183,0.1222,0.3395,26;48
12,28,0.800811,0.288460,0.6164,0.4130,5;7;8;15;17;21;30;34;41;45
12,29,0.133178,0.214718,0.8766,0.3576,4;18;23;25;37;42;46
12,30,0.996308,0.232166,0.5535,0.6751,5;8;15;17;21;28;33;34;45
12,31,0.514710,0.024680,0.4443,0.4993,6;11;35
12,32,0.041103,0.495684,0.5898,0.5391,18;23;25;38;42
12,33,0.975343,0.128255,0.4915,0.2812,5;8;10;15;21;30;45
12,34,0.855309,0.336287,0.4376,0.7625,5;8;15;16;17;21;28;30;41;45
12,35,0.323398,0.074140,0.5024,0.6879,4;31
12,36,0.916930,0.820175,0.3390,0.7481,1;2;40
12,37,0.104077,0.181010,0.4812,0.6923,18;25;29;46
12,38,0.187102,0.612520,0.6624,0.5702,12;22;23;24;26;32;42
12,39,0.414445,0.505723,0.2740,0.4816,9;12;14;24;43;44;47
12,40,0.782777,0.801005,0.3675,0.5116,1;2;20;36
12,41,0.668836,0.425051,0.6836,0.3135,7;9;17;28;34;43;44
12,42,0.192906,0.425606,0.8803,0.3734,4;12;14;18;23;24;25;29;32;38
12,43,0.540319,0.485765,0.2442,0.3669,7;9;12;39;41;44;47
12,44,0.536985,0.350587,0.4418,0.6446,7;9;39;41;43;47
12,45,0.902739,0.178989,0.7195,0.7045,5;8;10;15;17;21;28;30;33;34
12,46,0.083424,0.203737,0.7667,0.5372,18;25;29;37
12,47,0.465993,0.514079,0.6630,0.5070,9;12;39;43;44
12,48,0.384146,0.918242,0.7849,0.6954,0;3;13;26;27;49
12,49,0.366964,0.770185,0.8843,0.4386,0;3;13;26;48
13,0,0.045944,0.553967,0.5208,0.4183,9;13;20;24;31
13,1,0.851136,0.694354,0.6262,0.3796,2;5;22;39;44
13,2,0.958113,0.739646,0.6401,0.4924,1;5;22;44
13,3,0.246877,0.818463,0.1015,0.7375,9;11;12;26;28;31;33;37;41;46
13,4,0.936406,0.283756,0.8634,0.5563,21;30;35;42;47;49
13,5,0.884436,0.693349,0.1340,0.3824,1;2;22;39;44
13,6,0.368362,0.190534,0.4585,0.5436,7;14;16;19;23;25;29;45
13,7,0.230339,0.086776,0.5243,0.4777,6;40;45
13,8,0.587755,0.327883,0.2812,0.5732,10;14;16;18;19;23;29;43
13,9,0.198501,0.671607,0.6793,0.5079,0;3;12;13;20;24;31;33;41;46
13,10,0.602752,0.252852,0.5679,0.6963,8;15;16;19;23;25;29;48
13,11,0.423924,0.710578,0.1244,0.2717,3;12;31;33;34;37;38;41
13,12,0.371960,0.787122,0.1174,0.7033,3;9;11;26;28;33;34;37;38;41
13,13,0.096717,0.603262,0.7514,0.4046,0;9;20;24;31;46
13,14,0.386080,0.291687,0.2621,0.7561,6;8;16;19;23;27;29
13,15,0.715367,0.107317,0.7556,0.4113,10;21;25;48
13,16,0.482194,0.252159,0.6954,0.2711,6;8;10;14;19;23;25;29;48
13,17,0.742375,0.919188,0.3660,0.3811,32;36
13,18,0.757624,0.440540,0.1917,0.3195,8;22;35;39;43;49
13,19,0.467080,0.249218,0.3911,0.6731,6;8;10;14;16;23;25;29
13,20,0.144476,0.548629,0.6793,0.4314,0;9;13;27;31
13,21,0.893717,0.145475,0.1211,0.7889,4;15;30;42;47
13,22,0.913599,0.537837,0.6665,0.5680,1;2;5;18;35;39;44;49
13,23,0.525984,0.251140,0.8491,0.4863,6;8;10;14;16;19;25;29;48
13,24,0.017900,0.741806,0.7865,0.6387,0;9;13;46
13,25,0.534571,0.094172,0.1241,0.4838,6;10;15;16;19;23;29;48
13,26,0.302676,0.910387,0.5454,0.7169,3;12;28;33;37;41
13,27,0.292283,0.446503,0.8117,0.4302,14;20;31;34
13,28,0.334755,0.970122,0.3247,0.3749,3;12;26;37
13,29,0.506856,0.295049,0.6127,0.6056,6;8;10;14;16;19;23;25
13,30,0.985812,0.161375,0.1193,0.6245,4;21;42;47
13,31,0.234798,0.600139,0.6775,0.3529,0;3;9;11;13;20;27;33;34;41;46
13,32,0.576336,0.884960,0.4210,0.3132,17;36;37;38
13,33,0.323774,0.710952,0.7794,0.6265,3;9;11;12;26;31;34;37;38;41
13,34,0.407368,0.571428,0.6261,0.3739,11;12;27;31;33;38;41
13,35,0.879317,0.455403,0.7421,0.4280,4;18;22;39;43;44;47;49
13,36,0.611689,0.898862,0.2368,0.6565,17;32;37;38
13,37,0.448946,0.880251,0.5458,0.6614,3;11;12;26;28;32;33;36;38;41
13,38,0.476272,0.754866,0.6646,0.4374,11;12;32;33;34;36;37;41
13,39,0.793987,0.552227,0.6552,0.6572,1;5;18;22;35;43;44;49
13,40,0.041254,0.053495,0.4137,0.6295,7;45
13,41,0.380768,0.751439,0.1021,0.5285,3;9;11;12;26;31;33;34;37;38
13,42,0.975413,0.174889,0.7615,0.5825,4;21;30;47
13,43,0.694084,0.470611,0.2317,0.5029,8;18;35;39
13,44,0.939089,0.569881,0.5269,0.6212,1;2;5;22;35;39;49
13,45,0.177397,0.101346,0.8238,0.7509,6;7;40
13,46,0.099102,0.771295,0.3719,0.5885,3;9;13;24;31
13,47,0.925971,0.255513,0.2602,0.2474,4;21;30;35;42;49
13,48,0.629186,0.089312,0.7730,0.3938,10;15;16;23;25
13,49,0.906482,0.392663,0.6548,0.6200,4;18;22;35;39;44;47
14,0,0.208164,0.127425,0.2405,0.6121,9;16;30;34
14,1,0.944103,0.339376,0.3347,0.2832,14;21;44;45
14,2,0.585924,0.635446,0.1447,0.5960,3;11;13;20;22;29;33;42
14,3,0.620781,0.781384,0.6034,0.2350,2;4;13;27;31;33;43
14,4,0.825023,0.726061,0.5715,0.6336,3;5;22;27;33;48
14,5,0.787228,0.936774,0.3438,0.5117,4;18;19;27;36;43;47;48
14,6,0.680836,0.155847,0.6420,0.3558,10;15;21;24;25;32;38;39;40;44;49
14,7,0.113684,0.688106,0.5138,0.5732,17;23;41;46
14,8,0.371927,0.857856,0.7295,0.7492,12;13;23;31;35;46
14,9,0.072010,0.199845,0.1778,0.3469,0;16;37
14,10,0.655597,0.204706,0.8665,0.4235,6;15;21;24;25;32;38;39;40;44;49
14,11,0.437777,0.513591,0.7101,0.4203,2;20;28;29;42
14,12,0.286815,0.897761,0.4383,0.5362,8;23;31;35;46
14,13,0.523537,0.805903,0.8647,0.6753,2;3;8;27;31;33;42;43
14,14,0.974667,0.247959,0.2852,0.4650,1;21;26;44;45
14,15,0.574151,0.325462,0.3225,0.4563,6;10;24;25;29;32;38;39
14,16,0.266684,0.174493,0.3823,0.6217,0;9;28;30;34
14,17,0.189334,0.541655,0.2873,0.7641,7;41
14,18,0.840342,0.952056,0.1291,0.2688,5;19;27;36;47;48
14,19,0.850174,0.979489,0.2990,0.5085,5;18;27;36;47;48
14,20,0.558173,0.564879,0.3998,0.3724,2;11;22;24;29;33;42
14,21,0.792815,0.267370,0.3184,0.7678,1;6;10;14;24;25;32;44;45
14,22,0.718247,0.570095,0.3012,0.5807,2;4;20;29;33
14,23,0.186687,0.761829,0.1543,0.2322,7;8;12;35;41;46
14,24,0.591895,0.352664,0.2068,0.6084,6;10;15;20;21;25;29;32;38;39
14,25,0.694162,0.299636,0.5090,0.3583,6;10;15;21;24;32;38;39;44;45
14,26,0.992637,0.032513,0.6397,0.7252,14
14,27,0.678140,0.873347,0.3608,0.6576,3;4;5;13;18;19;33;36;43;48
14,28,0.325679,0.361440,0.2858,0.7196,11;16
14,29,0.619798,0.513997,0.6878,0.7246,2;11;15;20;22;24;32;39;42
14,30,0.312873,0.090376,0.5739,0.5068,0;16;34
14,31,0.436855,0.893221,0.8898,0.6497,3;8;12;13;35;43;46
14,32,0.677782,0.323786,0.3852,0.6220,6;10;15;21;24;25;29;38;39;44;45
14,33,0.624917,0.736975,0.4121,0.2362,2;3;4;13;20;22;27
14,34,0.312383,0.035645,0.3338,0.7927,0;16;30
14,35,0.266089,0.941868,0.1664,0.4988,8;12;23;31;46
14,36,0.846128,0.946813,0.2495,0.6379,5;18;19;27;47;48
14,37,0.020363,0.338082,0.1122,0.5714,9
14,38,0.551336,0.252526,0.4627,0.2183,6;10;15;24;25;32;39
14,39,0.549451,0.318394,0.6466,0.3961,6;10;15;24;25;29;32;38
14,40,0.697110,0.031465,0.7624,0.6739,6;10;49
14,41,0.091389,0.578835,0.5146,0.6877,7;17;23
14,42,0.434429,0.618965,0.6550,0.4376,2;11;13;20;29;46
14,43,0.604839,0.989305,0.1707,0.4874,3;5;13;27;31
14,44,0.822772,0.247695,0.5719,0.3632,1;6;10;14;21;25;32;45
14,45,0.877769,0.258482,0.4294,0.5445,1;14;21;25;32;44
14,46,0.302945,0.749799,0.2575,0.7775,7;8;12;23;31;35;42
14,47,0.916563,0.948968,0.7570,0.5480,5;18;19;36;48
14,48,0.849554,0.778791,0.6041,0.3762,4;5;18;19;27;36;47
14,49,0.717965,0.038470,0.2332,0.3093,6;10;40
15,0,0.893967,0.011230,0.2495,0.6219,24;31
15,1,0.695640,0.553857,0.1681,0.2613,15;18;19;21;42
15,2,0.134452,0.338274,0.8122,0.3650,6;11;22;23;25;34
15,3,0.626719,0.082038,0.8722,0.6686,13;26;40;44;47
15,4,0.385127,0.254080,0.5457,0.2428,7;13;20;25;26;47
15,5,0.136881,0.966945,0.7263,0.3595,12;16;37;39
15,6,0.203875,0.429265,0.4791,0.2678,2;7;22;34;35;36;48
15,7,0.329039,0.455032,0.6401,0.2806,4;6;20;35;48
15,8,0.406878,0.003617,0.8894,0.5829,26;47
15,9,0.892750,0.382280,0.8909,0.4117,14;33;40;41;42
15,10,0.154808,0.089759,0.2593,0.5081,23;25
15,11,0.007052,0.273495,0.2933,0.6109,2;22;23;34
15,12,0.146271,0.841313,0.5031,0.4420,5;16;37;38;39
15,13,0.525343,0.244652,0.5958,0.2528,3;4;20;26;40;44;47;49
15,14,0.980454,0.567424,0.7576,0.4006,9;15;41;42
15,15,0.871086,0.629719,0.2587,0.7244,1;14;18;19;21;32;41;42
15,16,0.111290,0.878892,0.6895,0.2007,5;12;38;39
15,17,0.557584,0.884009,0.7394,0.2384,28;30
15,18,0.734740,0.746366,0.2287,0.4298,1;15;19;21;32;45;46
15,19,0.766778,0.665253,0.1930,0.7648,1;15;18;21;32;41;42
15,20,0.463674,0.394273,0.2543,0.7025,4;7;13;35;47;49
15,21,0.669845,0.597460,0.5324,0.7988,1;15;18;19;42
15,22,0.064118,0.330976,0.5111,0.6118,2;6;11;23;34
15,23,0.038557,0.153560,0.1478,0.3574,2;10;11;22;34
15,24,0.847996,0.108795,0.8165,0.2911,0;31;33;44
15,25,0.265595,0.195757,0.2720,0.6364,2;4;10;47
15,26,0.557661,0.146311,0.2904,0.7076,3;4;8;13;40;44;47;49
15,27,0.934803,0.929620,0.6318,0.4958,29;32;43;45;46
15,28,0.484435,0.884647,0.3403,0.7499,17;30;37
15,29,0.880241,0.953187,0.8037,0.7891,27;32;43;45;46
15,30,0.388606,0.765039,0.3884,0.6727,17;28;39;48
15,31,0.898370,0.039225,0.8728,0.2254,0;24;33
15,32,0.864462,0.770866,0.1815,0.3853,15;18;19;27;29;43;45;46
15,33,0.934730,0.248139,0.6314,0.5777,9;24;31;44
15,34,0.049915,0.337855,0.3735,0.2200,2;6;11;22;23
15,35,0.344572,0.488222,0.6881,0.6291,6;7;20;48
15,36,0.070964,0.591109,0.3518,0.7670,6;38
15,37,0.300393,0.995210,0.2638,0.4880,5;12;28;39
15,38,0.006143,0.776368,0.5151,0.7417,12;16;36
15,39,0.218231,0.846478,0.4415,0.4936,5;12;16;30;37
15,40,0.697465,0.282341,0.5194,0.6758,3;9;13;26;44;49
15,41,0.934793,0.538972,0.2952,0.5321,9;14;15;19;42
15,42,0.775073,0.497073,0.7142,0.4863,1;9;14;15;19;21;41
15,43,0.908814,0.978084,0.4527,0.6943,27;29;32;45;46
15,44,0.722190,0.241805,0.6626,0.2613,3;13;24;26;33;40;49
15,45,0.886504,0.885665,0.2291,0.2081,18;27;29;32;43;46
15,46,0.823400,0.888241,0.7286,0.3131,18;27;29;32;43;45
15,47,0.447094,0.196765,0.2807,0.4452,3;4;8;13;20;25;26
15,48,0.344349,0.580397,0.4915,0.4726,6;7;30;35
15,49,0.637404,0.315240,0.5587,0.7058,13;20;26;40;44
16,0,0.328731,0.664092,0.5194,0.5293,2;18;30;35
16,1,0.214225,0.411033,0.3690,0.4866,21;24;28;30
16,2,0.405280,0.870089,0.8492,0.7371,0;4;9;19;22;25;32;35
16,3,0.540565,0.491501,0.6634,0.2724,10;11;18;30;42;47
16,4,0.557853,0.771802,0.3445,0.4330,2;9;11;15;19;32;35;44
16,5,0.584387,0.191916,0.5338,0.7035,12;20;26;29;42;46;48
16,6,0.833922,0.567050,0.5338,0.2804,7;41;47
16,7,0.947728,0.467701,0.3880,0.6425,6;14
16,8,0.053830,0.110348,0.3762,0.4301,21;33;36;39;45;49
16,9,0.514117,0.946355,0.3263,0.7261,2;4;19;25;31;32
16,10,0.495101,0.421755,0.6580,0.3607,3;18;26;30;42;47
16,11,0.623328,0.635857,0.6239,0.4293,3;4;15;18;35;41;44;47
16,12,0.416491,0.086432,0.4926,0.3174,5;16;20;26;29;33;38;49
16,13,0.872084,0.190661,0.6167,0.2279,14;34;37;46
16,14,0.912980,0.334019,0.5783,0.4638,7;13;37
16,15,0.729732,0.805722,0.7968,0.5841,4;11;23;31;40;41;44
16,16,0.324661,0.064176,0.3920,0.4831,12;20;33;38;49
16,17,0.076488,0.855705,0.8393,0.4718,22;27;43
16,18,0.496134,0.545041,0.2524,0.3604,0;3;10;11;30;35;47
16,19,0.400561,0.888148,0.7112,0.3311,2;4;9;22;25;32;35
16,20,0.439393,0.173197,0.5426,0.7467,5;12;16;26;29;33;38
16,21,0.048747,0.307302,0.7563,0.6470,1;8;24;28;36;39;45
16,22,0.272112,0.952453,0.7231,0.2597,2;17;19;25;27;32
16,23,0.741514,0.903372,0.3456,0.5982,15;31;40;41;44
16,24,0.116235,0.451355,0.7918,0.6568,1;21;28
16,25,0.394110,0.973609,0.4650,0.2488,2;9;19;22;27;32
16,26,0.495937,0.205693,0.3556,0.3873,5;10;12;20;29;38;46;48
16,27,0.177976,0.955500,0.4227,0.3282,17;22;25;43
16,28,0.000612,0.420135,0.5632,0.6848,1;21;24
16,29,0.590527,0.105461,0.1257,0.6151,5;12;20;26;34;38;46;48
16,30,0.346492,0.578433,0.8538,0.3054,0;1;3;10;18;35
16,31,0.718083,0.997714,0.6074,0.7342,9;15;23;40;44
16,32,0.411030,0.900864,0.2756,0.7497,2;4;9;19;22;25;35
16,33,0.247345,0.165953,0.4611,0.6588,8;12;16;20;36;39;45;49
16,34,0.786927,0.025531,0.1232,0.3730,13;29;37;48
16,35,0.419733,0.696463,0.6270,0.3118,0;2;4;11;18;19;30;32
16,36,0.083594,0.207538,0.2989,0.4110,8;21;33;39;45
16,37,0.932086,0.176189,0.3861,0.3963,13;14;34
16,38,0.417114,0.014111,0.4685,0.7380,12;16;20;26;29;49
16,39,0.082100,0.103553,0.4549,0.5671,8;21;33;36;45;49
16,40,0.750568,0.947741,0.6968,0.3220,15;23;31;44
16,41,0.805128,0.728406,0.7581,0.2553,6;11;15;23;44
16,42,0.664497,0.384420,0.8250,0.5389,3;5;10;46;47
16,43,0.018732,0.905520,0.1134,0.5573,17;27
16,44,0.677126,0.796602,0.8486,0.7708,4;11;15;23;31;40;41
16,45,0.101555,0.169789,0.5570,0.4497,8;21;33;36;39;49
16,46,0.677776,0.228938,0.5531,0.5209,5;13;26;29;42;48
16,47,0.691474,0.480095,0.7785,0.2766,3;6;10;11;18;42
16,48,0.635279,0.049962,0.7706,0.3015,5;26;29;34;46
16,49,0.217565,0.013062,0.2868,0.4693,8;12;16;33;38;39;45
17,0,0.847372,0.738753,0.2554,0.7968,1;6;13;14;17;26;31;35
17,1,0.813617,0.651375,0.8553,0.5093,0;13;14;15;26;35
17,2,0.483133,0.042502,0.7600,0.7245,19;20;22;23;47;48
17,3,0.377779,0.634639,0.7122,0.4943,16;18;21;25;40;44
17,4,0.080985,0.008259,0.3106,0.4452,30;37;42
17,5,0.136411,0.957006,0.7930,0.5699,9
17,6,0.857132,0.869353,0.4764,0.3216,0;17;31;35
17,7,0.399062,0.256518,0.2855,0.7820,11;20;22;23;34;46
17,8,0.690838,0.279547,0.2357,0.3387,15;20;27;28;32;49
17,9,0.219846,0.928560,0.2993,0.7724,5;24
17,10,0.976112,0.096654,0.1611,0.3935,12;32;41;45
17,11,0.327306,0.364017,0.8480,0.3682,7;16;25;34;40;46
17,12,0.847541,0.038072,0.1245,0.2328,10;32;41;45
17,13,0.772110,0.635428,0.8704,0.3354,0;1;15;26;35
17,14,0.998190,0.615838,0.1029,0.3404,0;1
17,15,0.701734,0.484784,0.7009,0.5459,1;8;13;26;27;28
17,16,0.309637,0.492484,0.5199,0.3904,3;11;18;25;40;44
17,17,0.695509,0.870916,0.7318,0.7430,0;6;21;31;35;36;38;43
17,18,0.369540,0.605731,0.4138,0.7708,3;16;25;40;44
17,19,0.502300,0.024758,0.4155,0.5771,2;20;22;23;47;48
17,20,0.540350,0.147206,0.2397,0.7074,2;7;8;19;23;28;47;48
17,21,0.510543,0.800806,0.7239,0.2698,3;17;29;36;38;39;43
17,22,0.316454,0.071076,0.2419,0.7997,2;7;19;23;34;37;46;47
17,23,0.441664,0.061242,0.4548,0.7391,2;7;19;20;22;34;47;48
17,24,0.173535,0.730695,0.1762,0.2639,9;33;44
17,25,0.258231,0.513765,0.5849,0.3101,3;11;16;18;33;40;44
17,26,0.704582,0.625461,0.6314,0.4189,0;1;13;15;35
17,27,0.838823,0.362141,0.1682,0.6424,8;15;28;41;49
17,28,0.696399,0.282181,0.1031,0.7063,8;15;20;27;32;49
17,29,0.445615,0.889246,0.6801,0.5747,21;36;38;39;43
17,30,0.079121,0.044135,0.4298,0.2785,4;37;42
17,31,0.771477,0.909843,0.8505,0.4854,0;6;17;35;38
17,32,0.796751,0.145587,0.3900,0.3142,8;10;12;28;41;45;49
17,33,0.060737,0.542449,0.6464,0.4143,24;25;40
17,34,0.334447,0.233696,0.6253,0.6973,7;11;22;23;46;47
17,35,0.742387,0.799985,0.7641,0.2413,0;1;6;13;17;26;31;38
17,36,0.529984,0.930160,0.8472,0.4779,17;21;29;38;39;43
17,37,0.098679,0.052872,0.1979,0.3701,4;22;30;42
17,38,0.566707,0.878872,0.2565,0.3627,17;21;29;31;35;36;39;43
17,39,0.465885,0.993648,0.6455,0.6181,21;29;36;38;43
17,40,0.241191,0.517078,0.8866,0.5469,3;11;16;18;25;33;44
17,41,0.919560,0.219002,0.8138,0.6688,10;12;27;32;45;49
17,42,0.088011,0.141117,0.6497,0.6942,4;30;37;46
17,43,0.484031,0.883752,0.8883,0.2973,17;21;29;36;38;39
17,44,0.348724,0.646382,0.3736,0.5570,3;16;18;24;25;40
17,45,0.865630,0.094365,0.1981,0.6694,10;12;32;41;49
17,46,0.249320,0.213679,0.8601,0.6640,7;11;22;34;42
17,47,0.424055,0.035584,0.2528,0.5056,2;19;20;22;23;34;48
17,48,0.577145,0.018927,0.8930,0.4974,2;19;20;23;47
17,49,0.737527,0.252905,0.4008,0.4267,8;27;28;32;41;45
18,0,0.280091,0.017320,0.2425,0.2707,1;7;27
18,1,0.332792,0.055287,0.2546,0.4531,0;7;27;31
18,2,0.532904,0.505304,0.2925,0.4722,3;10;13;16;19;21;23;32;34;41;44;45
18,3,0.616796,0.702412,0.1225,0.5015,2;13;15;17;19;21;23;32;38;44;48
18,4,0.593394,0.263062,0.5304,0.5764,5;10;16;31;34;41;45
18,5,0.685727,0.333420,0.1470,0.3543,4;10;16;19;21;34;41;45;47
18,6,0.833290,0.750425,0.5005,0.4992,9;14;15;17;23;46;48;49
18,7,0.355132,0.136052,0.8944,0.4187,0;1;31
18,8,0.938950,0.279754,0.6068,0.7759,11;25;33;47
18,9,0.990409,0.596692,0.6126,0.7258,6;14;15;24;33;39;46;49
18,10,0.562825,0.413218,0.8734,0.6263,2;4;5;16;19;21;34;41;45
18,11,0.881727,0.189488,0.7000,0.3802,8;25;28;35;47
18,12,0.268796,0.825140,0.8582,0.4224,18;30
18,13,0.490293,0.638848,0.4390,0.4212,2;3;18;23;32;44;48
18,14,0.869463,0.675104,0.6422,0.3182,6;9;15;21;23;24;39;46;48;49
18,15,0.825998,0.720359,0.8162,0.6865,3;6;9;14;23;46;48;49
18,16,0.678261,0.363346,0.4377,0.3464,2;4;5;10;19;21;34;41;45;47
18,17,0.673778,0.881732,0.3769,0.5942,3;6;32;38;48
18,18,0.351179,0.746760,0.3616,0.2178,12;13;30;32;44
18,19,0.668890,0.501433,0.3957,0.2455,2;3;5;10;16;21;23;34;41;45
18,20,0.663308,0.023966,0.1368,0.3037,28;35;43
18,21,0.727574,0.512881,0.2158,0.6445,2;3;5;10;14;16;19;23;45;46
18,22,0.016814,0.147301,0.5275,0.4726,27;29;42
18,23,0.667163,0.643138,0.3894,0.2340,2;3;6;13;14;15;19;21;32;48
18,24,0.992553,0.533941,0.4252,0.3145,9;14;33;39;46
18,25,0.926271,0.191805,0.4917,0.6666,8;11;28;33;35;47
18,26,0.068966,0.509705,0.5136,0.3110,36;37;42
18,27,0.116157,0.088654,0.7672,0.5672,0;1;22;29
18,28,0.824001,0.027886,0.8917,0.7058,11;20;25;35;43;47
18,29,0.011907,0.280794,0.6513,0.3398,22;27;42
18,30,0.252951,0.833799,0.4241,0.3619,12;18
18,31,0.384068,0.248550,0.7246,0.2746,1;4;7;34;41;45
18,32,0.562966,0.709915,0.8022,0.2515,2;3;13;17;18;23;38;44;48
18,33,0.982169,0.397540,0.7023,0.2658,8;9;24;25;39
18,34,0.569653,0.326206,0.3247,0.6585,2;4;5;10;16;19;31;41;45
18,35,0.798123,0.110344,0.8752,0.7160,11;20;25;28;43;47
18,36,0.040366,0.685916,0.7390,0.3537,26
18,37,0.165387,0.494577,0.6358,0.4344,26;42
18,38,0.595024,0.873431,0.8997,0.5551,3;17;32;40;48
18,39,0.965694,0.530702,0.6474,0.3069,9;14;24;33;46
18,40,0.457095,0.954482,0.3690,0.7571,38
18,41,0.590842,0.300731,0.3510,0.3422,2;4;5;10;16;19;31;34;45
18,42,0.072830,0.314019,0.1700,0.4083,22;26;29;37
18,43,0.667221,0.027596,0.2148,0.2749,20;28;35
18,44,0.431592,0.625532,0.4650,0.7755,2;3;13;18;32
18,45,0.571847,0.359682,0.1112,0.2276,2;4;5;10;16;19;21;31;34;41
18,46,0.901956,0.638881,0.3077,0.7990,6;9;14;15;21;24;39;49
18,47,0.815861,0.246231,0.1243,0.7053,5;8;11;16;25;28;35
18,48,0.683200,0.740578,0.7448,0.3440,3;6;13;14;15;17;23;32;38
18,49,0.928958,0.765887,0.3931,0.2974,6;9;14;15;46
19,0,0.396392,0.565896,0.8278,0.3757,2;13;19;21;29;31;36;40;43
19,1,0.095794,0.466890,0.4324,0.7901,2;12;23;31;32;36;38;39
19,2,0.190355,0.509178,0.7763,0.7542,0;1;10;12;19;23;29;31;32;36;39;40;44
19,3,0.275403,0.905523,0.4887,0.2903,7;10;11;13;40;49
19,4,0.278100,0.034589,0.2619,0.4987,15;25;30;35;37;42;46
19,5,0.874247,0.864195,0.4252,0.6597,8;9;22
19,6,0.584709,0.842991,0.6320,0.4688,8;18;28;45
19,7,0.169875,0.813777,0.3761,0.7792,3;10;11;13;24;40;49
19,8,0.721662,0.842740,0.5278,0.4164,5;6;18;28;45
19,9,0.954726,0.821726,0.8847,0.5545,5;22;34
19,10,0.167311,0.719781,0.3815,0.2618,2;3;7;11;13;23;24;29;40;49
19,11,0.205454,0.883806,0.8424,0.5070,3;7;10;13;24;27;40;49
19,12,0.277641,0.348941,0.8974,0.6888,1;2;15;23;31;32;36;38;44;46
19,13,0.371489,0.743316,0.6740,0.5362,0;3;7;10;11;18;19;21;29;40;49
19,14,0.850315,0.394909,0.4638,0.2898,17;33;41;47
19,15,0.247838,0.209057,0.1251,0.3970,4;12;30;31;35;37;38;42;44;46
19,16,0.528609,0.113948,0.7036,0.2330,35;46;48
19,17,0.819003,0.537976,0.4214,0.6972,14;20;22;33;34;47
19,18,0.579793,0.720647,0.8088,0.7091,6;8;13;21;28;45
19,19,0.363700,0.576875,0.1189,0.4988,0;2;13;21;23;29;31;36;40;49
19,20,0.634061,0.465117,0.8500,0.7426,17;33;43;47;48
19,21,0.383779,0.621456,0.8438,0.5135,0;13;18;19;29;40;49
19,22,0.907148,0.700372,0.7477,0.5239,5;9;17;34;47
19,23,0.178805,0.504468,0.1664,0.5414,1;2;10;12;19;29;31;32;36;39;44
19,24,0.050477,0.750289,0.5162,0.3134,7;10;11;40;49
19,25,0.088814,0.044302,0.1969,0.2052,4;30;37;42
19,26,0.847994,0.086501,0.2381,0.6592,41
19,27,0.033261,0.996154,0.1241,0.6606,11
19,28,0.639383,0.755299,0.4730,0.2264,6;8;18;45
19,29,0.277686,0.611820,0.2752,0.2496,0;2;10;13;19;21;23;31;36;40;49
19,30,0.187508,0.003139,0.2478,0.4744,4;15;25;35;37;42
19,31,0.265637,0.409750,0.5847,0.2093,0;1;2;12;15;19;23;29;32;36;38;44
19,32,0.082396,0.394933,0.2552,0.6893,1;2;12;23;31;36;38;39;44
19,33,0.789108,0.339818,0.4393,0.6716,14;17;20;41;47;48
19,34,0.889653,0.617811,0.5098,0.4778,9;17;22;47
19,35,0.365236,0.030617,0.6985,0.5357,4;15;16;30;37;42;46
19,36,0.199273,0.479903,0.2314,0.6623,0;1;2;12;19;23;29;31;32;38;39;44
19,37,0.223852,0.103140,0.8015,0.2326,4;15;25;30;35;38;42;46
19,38,0.156098,0.273760,0.6128,0.2343,1;12;15;31;32;36;37;39;42;44
19,39,0.027154,0.427210,0.2948,0.4038,1;2;23;32;36;38
19,40,0.261864,0.709579,0.6354,0.3712,0;2;3;7;10;11;13;19;21;24;29;49
19,41,0.896115,0.253873,0.6909,0.3953,14;26;33
19,42,0.160754,0.108470,0.3841,0.5366,4;15;25;30;35;37;38
19,43,0.569777,0.452665,0.3173,0.2707,0;20;48
19,44,0.281581,0.340727,0.8563,0.4352,2;12;15;23;31;32;36;38;46
19,45,0.647663,0.895524,0.2828,0.3605,6;8;18;28
19,46,0.397622,0.165300,0.5099,0.6550,4;12;15;16;35;37;44
19,47,0.771160,0.547853,0.6632,0.2024,14;17;20;22;33;34
19,48,0.571107,0.312853,0.4724,0.6194,16;20;33;43
19,49,0.260865,0.762577,0.1679,0.3949,3;7;10;11;13;19;21;24;29;40
